City_ID,City,Latitude,Longitude,Max Temperature,Humidity,Cloudiness,Wind Speed,Country,Date
0,waitangi,-43.9535,-176.5597,14.9,92,100,3.13,NZ,1682140587
1,xining,36.6167,101.7667,8.34,49,100,3.95,CN,1682140587
2,bethel,41.3712,-73.414,10.81,85,100,3.6,US,1682140588
3,port-aux-francais,-49.35,70.2167,5.12,74,85,10.92,TF,1682140588
4,tacuarembo,-31.7333,-55.9833,13.84,56,100,2.46,UY,1682140501
5,howrah,22.5892,88.3103,34.0,43,20,2.06,IN,1682140590
6,acarau,-2.8856,-40.12,24.24,87,14,4.84,BR,1682140590
7,ushuaia,-54.8,-68.3,2.81,70,20,1.54,AR,1682140590
8,west island,-12.1568,96.8225,28.99,79,40,7.72,CC,1682140592
9,college,64.8569,-147.8028,5.97,62,100,5.14,US,1682140592
10,ribeira grande,38.5167,-28.7,16.4,93,78,7.05,PT,1682140592
11,puerto ayora,-0.7393,-90.3518,26.42,92,41,4.47,EC,1682140592
12,enewetak,11.3474,162.3373,26.15,83,100,8.13,MH,1682140593
13,tommot,58.9564,126.2925,0.69,62,100,3.92,RU,1682140593
14,itaituba,-4.2761,-55.9836,23.78,99,100,0.55,BR,1682140593
15,anadyr,64.75,177.4833,-4.72,85,20,3.0,RU,1682140593
16,yellowknife,62.456,-114.3525,0.31,74,75,2.57,CA,1682140594
17,hermanus,-34.4187,19.2345,12.11,75,100,2.1,ZA,1682140594
18,labytnangi,66.6572,66.4183,-3.09,89,94,1.67,RU,1682140348
19,yonggwang-up,40.0183,127.4547,14.09,46,99,4.28,KP,1682140594
20,christchurch,-43.5333,172.6333,19.11,77,62,1.79,NZ,1682140500
21,arar,30.9753,41.0381,21.11,31,74,7.19,SA,1682140302
22,palmer,42.1584,-72.3287,9.78,66,75,3.09,US,1682140595
23,adamstown,-25.066,-130.1015,24.83,83,100,8.9,PN,1682140595
24,grytviken,-54.2811,-36.5092,2.66,98,100,2.24,GS,1682140595
25,ust-nera,64.5667,143.2,0.1,80,89,2.14,RU,1682140596
26,coquimbo,-29.9533,-71.3436,13.85,88,0,2.06,CL,1682140596
27,albany,42.6001,-73.9662,13.09,68,88,1.34,US,1682140596
28,iqaluit,63.7506,-68.5145,-0.15,100,100,8.75,CA,1682140596
29,cabo san lucas,22.8909,-109.9124,23.62,76,100,4.8,MX,1682140597
30,kosh-agach,50.0,88.6667,-3.16,39,58,1.33,RU,1682140597
31,longyearbyen,78.2186,15.6401,-14.09,61,40,4.12,SJ,1682140597
32,invercargill,-46.4,168.35,11.68,82,93,0.89,NZ,1682140546
33,kruisfontein,-34.0033,24.7314,12.16,73,99,2.25,ZA,1682140598
34,kralendijk,12.15,-68.2667,25.99,89,40,3.6,BQ,1682140598
35,edinburgh of the seven seas,-37.0676,-12.3116,17.67,85,33,15.91,SH,1682140598
36,mount isa,-20.7333,139.5,30.87,18,0,5.66,AU,1682140598
37,massaguet,12.4755,15.4365,29.59,20,92,4.28,TD,1682140599
38,al jawf,29.5,38.75,20.55,25,81,2.36,SA,1682140599
39,isafjordur,66.0755,-23.124,-0.93,74,11,3.08,IS,1682140599
40,lebu,-37.6167,-73.65,11.71,93,17,4.29,CL,1682140599
41,porciuncula,-20.9628,-42.0408,18.12,90,89,0.68,BR,1682140600
42,metlili chaamba,32.2667,3.6333,15.97,57,58,5.29,DZ,1682140600
43,haiku-pauwela,20.9219,-156.3051,25.01,77,40,4.63,US,1682140600
44,mezhdurechensk,53.6942,88.0603,6.39,56,83,1.78,RU,1682140600
45,vilyuchinsk,52.9306,158.4028,4.15,98,100,9.73,RU,1682140504
46,nova sintra,14.8667,-24.7167,19.57,77,16,7.35,CV,1682140601
47,homer,59.6425,-151.5483,8.78,69,0,2.24,US,1682140601
48,kuytun,54.3419,101.5036,4.44,28,64,4.3,RU,1682140602
49,bilibino,68.0546,166.4372,1.29,91,6,0.74,RU,1682140602
50,kolpashevo,58.3131,82.9089,5.91,55,67,3.86,RU,1682140602
51,dudinka,69.4058,86.1778,-1.32,82,100,9.2,RU,1682140602
52,nuuk,64.1835,-51.7216,0.75,84,100,2.92,GL,1682140603
53,ghanzi,-21.5667,21.7833,21.28,35,100,3.06,BW,1682140603
54,puerto deseado,-47.7503,-65.8938,7.02,63,4,5.75,AR,1682140603
55,san alejo,13.4314,-87.9631,24.57,82,10,0.43,SV,1682140604
56,nemuro,43.3236,145.575,4.47,65,60,13.14,JP,1682140604
57,sitka,57.0531,-135.33,6.94,87,100,2.57,US,1682140604
58,mangalia,43.8,28.5833,8.86,82,7,5.74,RO,1682140604
59,hithadhoo,-0.6,73.0833,29.33,73,47,3.77,MV,1682140605
60,manaure,11.7751,-72.4445,25.44,84,99,4.08,CO,1682140605
61,fort st. john,56.2499,-120.8529,4.94,48,75,1.03,CA,1682140605
62,khilok,51.3674,110.4676,2.13,25,99,3.52,RU,1682140605
63,blackmans bay,-43.0167,147.3167,21.07,68,100,3.47,AU,1682140605
64,prado,-17.3411,-39.2208,23.59,82,100,6.36,BR,1682140606
65,lihue,21.9789,-159.3672,25.58,85,0,2.06,US,1682140607
66,mar del plata,-38.0023,-57.5575,14.41,77,0,2.06,AR,1682140328
67,hawaiian paradise park,19.5933,-154.9731,23.73,94,20,2.57,US,1682140608
68,hamilton,39.1834,-84.5333,9.49,94,100,2.57,US,1682140608
69,trinidad,-14.8333,-64.9,20.22,79,38,0.64,BO,1682140609
70,kashgar,39.4547,75.9797,16.56,31,6,2.0,CN,1682140610
71,pangai,-19.8,-174.35,27.06,65,20,5.14,TO,1682140610
72,smithers,54.7804,-127.1743,6.18,61,100,1.03,CA,1682140610
73,villa gesell,-37.2639,-56.973,12.25,55,100,3.93,AR,1682140610
74,el calafate,-50.3408,-72.2768,4.22,61,100,2.57,AR,1682140611
75,olonkinbyen,70.9221,-8.7187,-3.13,59,5,6.34,SJ,1682140611
76,vorgashor,67.5833,63.95,-2.11,94,100,4.49,RU,1682140611
77,antsiranana,-12.2787,49.2917,27.69,75,26,6.7,MG,1682140611
78,yanam,16.7333,82.2167,36.14,38,23,3.12,IN,1682140611
79,santa terezinha,-29.9002,-50.0904,17.96,84,12,4.6,BR,1682140612
80,stanley,54.868,-1.6985,7.09,93,20,3.6,GB,1682140612
81,pitkyaranta,61.5734,31.4792,2.4,97,100,2.24,RU,1682140612
82,halwan,29.8414,31.3008,17.42,59,98,6.68,EG,1682140613
83,sisimiut,66.9395,-53.6735,-2.73,88,88,3.15,GL,1682140613
84,nahiyat ash shinafiyah,31.5874,44.6602,25.95,29,1,4.13,IQ,1682140613
85,mopti,14.6667,-4.0,27.66,14,12,3.48,ML,1682140613
86,aripuana,-9.1667,-60.6333,22.56,98,100,0.12,BR,1682140614
87,saudarkrokur,65.7461,-19.6394,-0.19,76,6,0.77,IS,1682140614
88,benjamin constant,-4.3831,-70.0311,23.07,100,100,0.82,BR,1682140614
89,puerto natales,-51.7236,-72.4875,2.8,87,100,2.15,CL,1682140615
90,hovd,48.0056,91.6419,1.92,22,74,2.97,MN,1682140615
91,can,40.0333,27.0524,11.35,85,99,1.14,TR,1682140615
92,zacharo,37.4833,21.65,14.49,64,17,1.88,GR,1682140615
93,el nido,11.1858,119.3956,30.54,66,50,4.12,PH,1682140616
94,nikolayevsk-on-amure,53.1406,140.73,0.53,95,100,4.26,RU,1682140616
95,zhalantun,48.0,122.7167,7.57,14,61,8.03,CN,1682140532
96,jincheng,35.5022,112.8328,3.31,97,100,0.58,CN,1682140616
97,bubaque,11.2833,-15.8333,26.89,61,97,8.83,GW,1682140617
98,artigas,-30.4,-56.4667,14.51,52,100,2.14,UY,1682140617
99,mugumu,-1.85,34.7,18.31,86,96,1.54,TZ,1682140617
100,papatowai,-46.5619,169.4708,16.46,78,95,4.21,NZ,1682140617
101,shiguai,40.7058,110.2856,12.75,21,20,3.85,CN,1682140618
102,ferkessedougou,9.6,-5.2,26.01,63,10,1.85,CI,1682140618
103,port alfred,-33.5906,26.891,15.1,83,100,5.17,ZA,1682140619
104,santana,-0.0583,-51.1817,26.1,100,40,2.06,BR,1682140619
105,luderitz,-26.6481,15.1594,12.53,76,69,1.15,NA,1682140619
106,codrington,-38.2667,141.9667,18.61,65,51,4.52,AU,1682140620
107,dauphin,51.1494,-100.0502,-3.92,68,0,3.09,CA,1682140620
108,williams lake,52.1415,-122.1445,5.76,62,75,4.63,CA,1682140620
109,okha,53.5739,142.9478,0.21,87,100,8.48,RU,1682140022
110,playa del ingles,27.7567,-15.5787,17.44,74,0,1.3,ES,1682140407
111,zhaqsy,51.9083,67.3133,8.73,55,98,5.23,KZ,1682140621
112,gisborne,-38.6533,178.0042,20.01,80,98,2.86,NZ,1682140103
113,utrik,11.2278,169.8474,26.97,76,21,7.59,MH,1682140622
114,whitehorse,60.7161,-135.0538,5.43,45,20,0.0,CA,1682140622
115,georgetown,5.4112,100.3354,28.96,84,20,4.63,MY,1682140500
116,port elizabeth,-33.918,25.5701,14.62,86,100,0.89,ZA,1682140365
117,umuarama,-23.7664,-53.325,11.99,89,0,2.91,BR,1682140515
118,mount gambier,-37.8333,140.7667,19.79,56,9,3.93,AU,1682140623
119,susuman,62.7833,148.1667,-1.19,74,98,4.46,RU,1682140623
120,ilulissat,69.2167,-51.1,-2.99,86,20,4.12,GL,1682140624
121,fortuna,40.5982,-124.1573,11.86,94,97,0.45,US,1682140624
122,las palmas,28.4204,-14.0131,17.44,82,0,2.57,ES,1682140624
123,atafu village,-8.5421,-172.5159,29.12,73,10,4.15,TK,1682140624
124,port mathurin,-19.6833,63.4167,26.23,76,80,8.81,MU,1682140625
125,punta arenas,-53.15,-70.9167,5.06,70,75,4.63,CL,1682140625
126,yarmouth,41.7057,-70.2286,8.9,88,20,4.12,US,1682140583
127,udachny,66.4167,112.4,-1.97,42,100,4.94,RU,1682140514
128,avarua,-21.2078,-159.775,24.03,83,40,3.09,CK,1682140485
129,san antonio de pale,-1.4014,5.6325,28.01,78,97,2.91,GQ,1682140626
130,hotan,37.0997,79.9269,15.03,30,100,1.28,CN,1682140627
131,jamestown,42.097,-79.2353,12.79,91,100,2.06,US,1682140608
132,vadso,70.0744,29.7487,-2.51,68,46,9.26,NO,1682140627
133,mermoz boabab,14.7065,-17.4758,19.31,82,89,7.78,SN,1682140627
134,celendin,-6.8703,-78.1517,10.45,90,97,0.26,PE,1682140628
135,roquetas de mar,36.7642,-2.6148,17.01,81,100,3.62,ES,1682140628
136,howard springs,-12.497,131.047,33.32,57,4,5.64,AU,1682140628
137,monahans,31.5943,-102.8926,14.38,11,8,3.95,US,1682140628
138,toktogul,41.8708,72.9402,13.45,48,37,0.29,KG,1682140616
139,tazovsky,67.4667,78.7,0.0,95,99,3.87,RU,1682140629
140,maues,-3.3836,-57.7186,23.58,97,98,0.7,BR,1682140629
141,taoudenni,22.6783,-3.9836,23.38,12,81,4.28,ML,1682140630
142,rudnichnyy,59.617,52.4703,7.15,62,37,1.94,RU,1682140630
143,aasiaat,68.7098,-52.8699,-8.18,90,52,3.3,GL,1682140630
144,dzuunharaa,48.8523,106.4579,4.84,20,100,3.04,MN,1682140631
145,birjand,32.8663,59.2211,26.26,10,0,2.06,IR,1682140631
146,aykhal,66.0,111.5,-4.62,76,100,4.84,RU,1682140501
147,huntsville,34.7304,-86.5861,13.79,93,75,2.68,US,1682140631
148,nadvoitsy,63.8667,34.3167,3.04,95,100,4.48,RU,1682140632
149,lazaro cardenas,17.9583,-102.2,25.14,74,29,2.24,MX,1682140632
150,chonchi,-42.6128,-73.8092,10.07,90,85,0.44,CL,1682140632
151,charters towers,-20.1,146.2667,29.45,34,83,6.68,AU,1682140632
152,badger,64.8,-147.5333,5.93,62,100,5.14,US,1682140633
153,tozeur,33.9197,8.1335,17.22,59,8,5.14,TN,1682140633
154,pathein,16.7833,94.7333,38.95,30,7,0.58,MM,1682140633
155,puerto santa,-8.9906,-78.6456,24.11,83,95,2.6,PE,1682140633
156,westport,41.1415,-73.3579,12.53,85,100,7.2,US,1682140559
157,kamyzyak,46.11,48.0736,15.01,62,0,7.0,RU,1682140450
158,antonio enes,-16.2325,39.9086,25.88,80,47,1.75,MZ,1682140491
159,launceston,-41.45,147.1667,21.3,68,40,8.75,AU,1682140416
160,port saint john's,-31.6229,29.5448,16.66,66,100,2.14,ZA,1682140634
161,kaa-khem,51.6833,94.7333,3.26,31,3,1.54,RU,1682140635
162,poronaysk,49.2167,143.1167,6.85,54,100,9.85,RU,1682140612
163,san patricio,28.017,-97.5169,22.69,68,42,4.03,US,1682140635
164,buritis,-15.6178,-46.4233,20.72,92,88,2.49,BR,1682140635
165,chita,52.0333,113.55,2.94,11,62,2.0,RU,1682140464
166,almazan,41.4865,-2.5309,11.49,88,100,1.9,ES,1682140636
167,karratha,-20.7377,116.8463,30.98,31,99,9.07,AU,1682140519
168,n'dalatando,-9.2978,14.9116,19.07,99,100,1.1,AO,1682140509
169,tezu,27.9167,96.1667,34.71,24,100,1.94,IN,1682140638
170,haldibari,26.3333,88.7667,33.9,31,23,3.3,IN,1682140378
171,viedma,-40.8135,-62.9967,12.25,76,52,3.81,AR,1682140539
172,raduzhny,62.0961,77.475,1.72,100,97,4.08,RU,1682140468
173,rethymno,35.3647,24.4714,15.79,78,100,1.02,GR,1682140638
174,dolinsk,47.35,142.8,5.07,61,100,5.8,RU,1682140639
175,daru,-9.0763,143.2092,27.03,84,100,5.11,PG,1682140639
176,salahonda,2.1019,-78.7217,26.65,78,100,2.09,CO,1682140639
177,bushehr,28.9684,50.8385,25.05,50,39,5.14,IR,1682140639
178,tolanaro,-25.0319,46.9987,23.65,70,76,0.99,MG,1682140640
179,shache,38.4167,77.2406,16.4,31,68,1.28,CN,1682140640
180,rudsar,37.1376,50.288,18.44,70,95,2.28,IR,1682140497
181,bredasdorp,-34.5322,20.0403,11.81,75,100,1.35,ZA,1682140616
182,visakhapatnam,17.69,83.2093,32.94,55,40,4.63,IN,1682140314
183,new norfolk,-42.7826,147.0587,21.72,58,100,4.92,AU,1682140641
184,petropavlovsk-kamchatsky,53.0452,158.6483,3.33,70,75,5.0,RU,1682140641
185,la ronge,55.1001,-105.2842,-0.86,47,75,0.0,CA,1682140641
186,broome,42.2506,-75.833,17.21,73,0,3.6,US,1682140641
187,kalmunai,7.4167,81.8167,30.09,66,63,2.81,LK,1682140342
188,weno,7.4515,151.8468,32.97,75,40,1.54,FM,1682140642
189,behshahr,36.6923,53.5526,19.97,54,98,5.12,IR,1682140642
190,clydach,51.6833,-3.9,6.02,88,7,1.91,GB,1682140642
191,port lincoln,-34.7333,135.8667,20.9,55,0,3.22,AU,1682140642
192,arraial do cabo,-22.9661,-42.0278,20.83,81,0,2.16,BR,1682140643
193,ulladulla,-35.35,150.4667,24.32,62,0,3.08,AU,1682140370
194,tabatinga,-4.2525,-69.9381,23.05,100,40,0.0,BR,1682140606
195,jinan-gun,35.7917,127.4253,19.83,22,40,4.04,KR,1682140644
196,puerto ayacucho,5.6639,-67.6236,24.72,89,100,2.28,VE,1682140631
197,sao felix do xingu,-6.6447,-51.995,22.04,99,98,0.59,BR,1682140645
198,buka,40.8108,69.1986,21.13,24,4,1.63,UZ,1682140645
199,freetown,8.484,-13.2299,25.95,80,93,4.1,SL,1682140646
200,kidal,18.4411,1.4078,24.88,11,43,4.71,ML,1682140646
201,thompson,55.7435,-97.8558,-3.91,68,0,1.03,CA,1682140646
202,sergeyevka,53.88,67.4158,11.78,52,100,6.34,KZ,1682140647
203,pikeville,37.4793,-82.5188,19.16,99,0,2.06,US,1682140647
204,coronel dorrego,-38.7187,-61.2873,13.2,77,97,2.5,AR,1682140647
205,balqash,46.8481,74.995,11.33,25,0,2.0,KZ,1682140616
206,coahuayana de hidalgo,18.7,-103.6583,22.12,81,39,0.79,MX,1682140647
207,vila franca do campo,37.7167,-25.4333,16.23,91,99,5.71,PT,1682140648
208,kangding,30.0513,101.9603,16.41,71,67,2.66,CN,1682140537
209,usinsk,65.9939,57.5281,0.19,99,100,6.06,RU,1682140650
210,tual,-5.6667,132.75,28.42,77,100,5.12,ID,1682140650
211,nguigmi,14.2495,13.1092,28.07,23,17,4.82,NE,1682140650
212,revda,56.801,59.9303,8.13,76,100,2.3,RU,1682140650
213,nyala,12.05,24.8833,27.06,12,29,3.17,SD,1682140651
214,qaqortoq,60.7167,-46.0333,0.47,63,4,1.29,GL,1682140651
215,zhezqazghan,47.7833,67.7667,13.32,24,0,7.0,KZ,1682140651
216,crane,31.3974,-102.3501,18.58,11,3,3.44,US,1682140651
217,talnakh,69.4865,88.3972,-1.55,79,91,5.32,RU,1682140651
218,wailua homesteads,22.0669,-159.378,25.24,88,0,2.06,US,1682140652
219,colonia,50.9333,6.95,12.12,84,0,3.6,DE,1682140622
220,egilsstadir,65.2653,-14.3948,-2.05,74,100,5.66,IS,1682140652
221,grand-bassam,5.2118,-3.7388,28.98,88,99,3.17,CI,1682140653
222,fale old settlement,-9.3852,-171.2468,28.98,75,15,5.21,TK,1682140653
223,korkuteli,37.065,30.1957,9.7,64,100,0.74,TR,1682140460
224,kone,-21.0595,164.8658,27.11,78,78,2.66,NC,1682140654
225,sheridan,44.8333,-106.9173,-1.1,68,100,4.63,US,1682140654
226,walvis bay,-22.9575,14.5053,13.94,94,0,1.03,NA,1682140654
227,santo antonio do ica,-3.1022,-67.9397,22.23,100,99,0.84,BR,1682140654
228,dedougou,12.4667,-3.4667,28.41,19,57,1.11,BF,1682140550
229,mariakani,-3.8633,39.4736,23.05,92,100,4.07,KE,1682140655
230,hadibu,12.65,54.0333,28.81,63,77,3.27,YE,1682140655
231,trincomalee,8.5711,81.2335,30.67,63,22,0.86,LK,1682140655
232,marrakesh,31.6315,-8.0083,13.04,82,76,1.54,MA,1682140656
233,el porvenir,13.7617,-87.3458,25.63,90,52,0.52,HN,1682140656
234,manokwari,-0.8667,134.0833,27.6,77,100,1.56,ID,1682140656
235,zaozersk,69.4005,32.4476,-4.1,74,86,5.47,RU,1682140656
236,encruzilhada do sul,-30.5439,-52.5219,11.54,92,54,0.69,BR,1682140657
237,kapuskasing,49.4169,-82.4331,2.05,93,100,0.51,CA,1682140657
238,kismayo,-0.3582,42.5454,29.11,73,98,4.0,SO,1682140658
239,drohobych,49.3499,23.5056,6.06,76,77,1.16,UA,1682140658
240,paoua,7.2427,16.4406,23.65,71,100,1.83,CF,1682140658
241,jaragua,-15.7569,-49.3344,19.2,90,86,1.73,BR,1682140658
242,east london,-33.0153,27.9116,15.52,77,0,3.09,ZA,1682140659
243,lower sackville,44.7733,-63.6885,1.57,90,100,5.66,CA,1682140659
244,tokar,18.4254,37.729,27.93,67,40,3.64,SD,1682140659
245,afaahiti,-17.75,-149.2833,26.93,78,69,7.9,PF,1682140659
246,beilen,52.8611,6.5123,9.42,91,52,2.93,NL,1682140659
247,tiksi,71.6872,128.8694,-12.14,86,95,1.62,RU,1682140660
248,ebon,4.582,168.6964,28.53,76,40,5.04,MH,1682140660
249,rolla,37.9514,-91.7713,8.08,60,0,2.06,US,1682140599
250,goz beida,13.95,20.55,27.73,15,15,2.75,TD,1682140662
251,dickinson,29.4608,-95.0513,22.04,82,0,5.14,US,1682140662
252,dalmatovo,56.26,62.9362,9.48,69,100,4.7,RU,1682140662
253,al ghayzah,16.2079,52.176,28.73,62,52,3.88,YE,1682140662
254,pacasmayo,-7.4006,-79.5714,24.54,81,100,3.99,PE,1682140663
255,andradina,-20.8961,-51.3794,14.77,80,0,3.18,BR,1682140663
256,capitan bado,-23.2667,-55.5333,12.09,94,0,3.58,PY,1682140663
257,grand falls-windsor,48.9332,-55.6649,1.39,93,100,1.79,CA,1682140663
258,tosontsengel,48.7567,98.2839,0.94,19,0,3.63,MN,1682140664
259,brookings,44.3114,-96.7984,-0.46,86,100,8.75,US,1682140664
260,degache,33.9761,8.2081,17.18,59,10,5.14,TN,1682140664
261,namibe,-15.1961,12.1522,25.11,85,100,2.99,AO,1682140665
262,brisas de zicatela,15.8369,-97.0419,27.29,74,75,3.09,MX,1682140665
263,trashi yangtse,27.6116,91.498,18.06,65,79,2.73,BT,1682140666
264,sao vicente,-23.9631,-46.3919,21.1,26,8,0.45,BR,1682140666
265,sinabang,2.4803,96.3801,29.67,70,12,0.66,ID,1682140666
266,drayton valley,53.2168,-114.9854,-2.73,70,43,3.75,CA,1682140667
267,ryotsu-minato,38.0833,138.4333,10.34,43,75,7.78,JP,1682140640
268,tucumcari,35.1717,-103.725,14.91,20,0,8.23,US,1682140668
269,upington,-28.4478,21.2561,12.78,29,80,2.9,ZA,1682140439
270,sparti,37.0733,22.4297,14.42,63,57,0.6,GR,1682140668
271,ciudad lazaro cardenas,17.9583,-102.2,25.14,74,29,2.24,MX,1682140632
272,kodiak,57.79,-152.4072,8.73,40,0,5.66,US,1682140668
273,amungan,15.3652,119.9582,30.0,69,90,3.84,PH,1682140669
274,eyl,7.9803,49.8164,29.71,64,99,5.1,SO,1682140596
275,adrar,20.5022,-10.0711,23.88,18,88,3.69,MR,1682140672
276,mangochi,-14.4782,35.2645,22.01,89,89,1.73,MW,1682140498
277,i-n-salah,27.1935,2.4607,22.97,36,10,5.6,DZ,1682140672
278,klyuchi,52.2667,79.1667,5.22,42,1,4.05,RU,1682140672
279,saipan,15.1355,145.701,29.39,100,75,6.17,MP,1682140673
280,borogontsy,62.6683,131.1683,-1.23,84,99,2.51,RU,1682140673
281,alofi,-19.0595,-169.9187,23.94,78,2,2.06,NU,1682140673
282,gotse delchev,41.5667,23.7333,9.57,84,49,0.88,BG,1682140673
283,nioki,-2.7167,17.6833,21.82,97,100,0.43,CD,1682140674
284,fort stockton,30.894,-102.8793,18.03,10,0,6.17,US,1682140674
285,katsuura,35.1333,140.3,13.07,57,100,5.38,JP,1682140590
286,manapparai,10.6,78.4167,33.48,45,14,1.34,IN,1682140668
287,fuli,46.7217,131.1394,8.76,22,78,7.88,CN,1682140675
288,naracoorte,-36.9579,140.7383,22.1,46,1,3.24,AU,1682140675
289,san luis de la loma,17.2706,-100.8939,25.25,76,49,2.49,MX,1682140675
290,kolonia,50.9333,6.95,12.12,84,0,3.6,DE,1682140622
291,ihosy,-22.4,46.1167,21.14,74,97,0.54,MG,1682140676
292,lethbridge,49.7,-112.8186,0.06,69,100,3.09,CA,1682140630
293,tsiombe,-25.3,45.4833,22.99,79,91,2.5,MG,1682140676
294,minas de marcona,-15.2119,-75.1103,16.93,80,17,1.88,PE,1682140593
295,talara,-4.5772,-81.2719,26.01,83,100,4.04,PE,1682140591
296,camana,-16.6228,-72.7111,20.82,87,26,1.41,PE,1682140677
297,uturoa,-16.7333,-151.4333,28.38,79,59,7.92,PF,1682140678
298,pimenta bueno,-11.6725,-61.1936,21.8,97,100,0.76,BR,1682140612
299,elverum,60.8819,11.5623,3.11,95,99,0.69,NO,1682140678
300,naberezhnyye chelny,55.7561,52.4289,8.49,82,100,1.77,RU,1682140679
301,saint-joseph,-21.3667,55.6167,28.21,73,25,0.67,RE,1682140680
302,aljezur,37.3191,-8.8033,11.67,88,83,2.3,PT,1682140680
303,bondo,3.8146,23.6866,21.9,99,100,1.55,CD,1682140680
304,auki,-8.7676,160.7034,29.64,66,24,0.96,SB,1682140680
305,puerto baquerizo moreno,-0.9,-89.6,26.22,80,73,3.98,EC,1682140681
306,santa elena de uairen,4.6167,-61.1333,20.27,94,100,0.65,VE,1682140681
307,padang,-0.9492,100.3543,29.03,79,53,2.19,ID,1682140681
308,es castell,39.8795,4.2854,13.38,100,0,3.09,ES,1682140681
309,axim,4.8699,-2.2405,26.35,84,100,2.62,GH,1682140682
310,ntoum,0.3833,9.7833,23.07,96,99,0.92,GA,1682140682
311,n'zeto,-7.2312,12.8666,24.42,89,99,1.26,AO,1682140682
312,turaif,31.6725,38.6637,17.14,39,0,5.14,SA,1682140682
313,kimbe,-5.5502,150.1429,28.77,82,60,1.11,PG,1682140683
314,vilyuysk,63.7553,121.6247,-1.88,78,100,4.17,RU,1682140683
315,sirte,31.2089,16.5887,23.91,30,99,7.9,LY,1682140684
316,itirucu,-13.5317,-40.1503,18.1,96,99,1.69,BR,1682140684
317,moengo,5.6167,-54.4,23.37,99,99,0.76,SR,1682140684
318,st. john's,47.5649,-52.7093,2.21,96,100,9.77,CA,1682140684
319,kununurra,-15.7667,128.7333,32.99,35,42,7.2,AU,1682140685
320,kirensk,57.7853,108.1119,1.29,55,100,3.88,RU,1682140685
321,nouadhibou,20.931,-17.0347,18.99,82,52,6.69,MR,1682140685
322,namie,37.4833,141.0,15.95,33,90,9.88,JP,1682140579
323,upata,8.0086,-62.3989,22.33,94,100,3.0,VE,1682140686
324,seaford,50.7714,0.1027,7.06,92,97,2.21,GB,1682140687
325,shetpe,44.1667,52.1167,15.45,57,50,5.71,KZ,1682140687
326,dunedin,-45.8742,170.5036,11.56,10,41,1.96,NZ,1682140454
327,kuvandyk,51.4781,57.3552,13.4,39,100,8.58,RU,1682140502
328,lerwick,60.1545,-1.1494,6.0,85,0,5.41,GB,1682140688
329,xinzhi,36.4989,111.7047,5.73,92,100,1.91,CN,1682140545
330,ajaccio,42.0,8.9167,9.03,81,0,3.6,FR,1682140688
331,pisco,-13.7,-76.2167,22.03,83,100,3.6,PE,1682140688
332,papao,-17.75,-149.55,27.82,83,70,9.62,PF,1682140689
333,corinto,37.9407,22.9573,16.05,73,21,0.72,GR,1682140689
334,jimo,36.3897,120.4622,16.88,27,0,6.0,CN,1682140689
335,mazidagi,37.4775,40.4881,11.5,46,7,0.51,TR,1682140690
336,hailey,43.5196,-114.3153,2.92,54,0,7.15,US,1682140690
337,nazret,8.55,39.2667,19.69,71,100,1.57,ET,1682140663
338,iskateley,67.6803,53.1512,-5.37,87,53,1.94,RU,1682140691
339,fort bragg,35.139,-79.006,18.85,71,0,2.06,US,1682140691
340,perelyub,51.8667,50.3667,12.58,65,98,3.67,RU,1682140691
341,hammerfest,70.6634,23.6821,-2.54,66,100,10.63,NO,1682140691
342,ginir,7.1333,40.7,18.33,71,93,1.57,ET,1682140691
343,touros,-5.1989,-35.4608,25.14,78,91,4.92,BR,1682140692
344,vuktyl,63.8567,57.3094,0.7,99,100,3.02,RU,1682140693
345,labrador city,52.9463,-66.9114,1.95,80,100,2.06,CA,1682140693
346,flying fish cove,-10.4217,105.6791,27.53,75,59,6.79,CX,1682140693
347,val-d'or,48.1002,-77.7828,4.05,100,100,1.03,CA,1682140662
348,rong kwang,18.339,100.3174,37.5,28,0,1.87,TH,1682140401
349,taishan,22.2514,112.7799,26.73,88,100,3.13,CN,1682140448
350,castillos,-34.1667,-53.8333,14.52,92,100,2.59,UY,1682140694
351,laela,-8.5667,32.05,16.56,91,100,2.17,TZ,1682140694
352,rio grande,-32.035,-52.0986,18.68,82,100,5.31,BR,1682140694
353,sur,22.5667,59.5289,30.38,52,48,1.59,OM,1682140695
354,north platte,41.1239,-100.7654,0.62,62,0,5.36,US,1682140695
355,igarka,67.4667,86.5833,-0.73,98,100,9.34,RU,1682140695
356,joaquin v. gonzalez,-25.0833,-64.1833,18.76,66,95,0.57,AR,1682140643
357,holualoa,19.6228,-155.9522,23.91,89,20,6.17,US,1682140696
358,prince rupert,54.3161,-130.3201,6.83,99,100,8.23,CA,1682140696
359,martuk,50.7475,56.5056,13.63,37,100,9.27,KZ,1682140696
360,ola,59.5833,151.2833,1.59,69,46,13.94,RU,1682140696
361,kavaratti,10.5669,72.642,28.88,71,12,3.72,IN,1682140696
362,ust'-kulom,61.6864,53.6902,1.63,98,100,1.61,RU,1682140697
363,posto fiscal rolim de moura,-13.0833,-62.2667,21.13,87,60,0.53,BR,1682140697
364,mount pearl,47.5166,-52.7813,1.75,96,100,9.77,CA,1682140697
365,troitsko-pechorsk,62.7084,56.1964,1.11,100,100,2.38,RU,1682140697
366,abrego,8.0807,-73.2205,17.69,97,99,0.84,CO,1682140698
367,noosa heads,-26.3833,153.15,22.84,63,76,10.89,AU,1682140698
368,desvres,50.6688,1.8348,6.38,86,99,1.22,FR,1682140698
369,tateyama,34.9833,139.8667,12.46,66,100,5.23,JP,1682140680
370,yaren,-0.5472,166.916,28.71,72,52,6.59,NR,1682140699
371,luwuk,-0.9516,122.7875,28.06,85,84,3.11,ID,1682140660
372,la maddalena,41.2142,9.4083,8.09,64,59,1.43,IT,1682140700
373,beitbridge,-22.2167,30.0,18.94,85,93,6.59,ZW,1682140700
374,iron river,46.0927,-88.6423,0.86,97,86,1.64,US,1682140563
375,altai,46.3722,96.2583,0.85,21,7,0.63,MN,1682140597
376,idri,27.5,13.2667,21.25,16,4,1.53,LY,1682140700
377,mangrol,21.1167,70.1167,29.4,57,4,6.02,IN,1682140701
378,cockburn town,21.4612,-71.1419,25.13,68,28,3.11,TC,1682140545
379,amga,60.8953,131.9608,-0.44,86,100,2.3,RU,1682140701
380,ghat,24.9647,10.1728,22.76,17,50,1.82,LY,1682140700
381,xinqing,48.2333,129.5,4.98,33,98,5.38,CN,1682140702
382,ciudad rio bravo,25.9833,-98.1,22.95,87,70,2.05,MX,1682140702
383,jiangyou,31.7667,104.7167,14.89,82,100,1.46,CN,1682140702
384,atar,20.5169,-13.0499,25.49,18,83,1.96,MR,1682140702
385,kingston,17.997,-76.7936,26.53,75,20,1.54,JM,1682140703
386,geraldton,-28.7667,114.6,31.23,19,61,5.14,AU,1682140703
387,inirida,3.8653,-67.9239,23.23,98,100,0.87,CO,1682140703
388,cabras,39.93,8.5314,11.22,78,27,2.53,IT,1682140703
389,malanje,-9.5402,16.341,17.29,99,100,2.28,AO,1682140457
390,tindouf,27.6711,-8.1474,13.22,59,0,7.17,DZ,1682140528
391,kerikeri,-35.2268,173.9474,22.17,97,100,0.45,NZ,1682140704
392,cedeira,43.6797,-8.0209,10.77,83,98,7.93,ES,1682140704
393,mili,6.0815,171.735,27.82,78,45,5.39,MH,1682140704
394,karaisali,37.2567,35.0589,14.37,73,65,0.44,TR,1682140705
395,ocean shores,46.9737,-124.1563,9.0,89,100,1.54,US,1682140705
396,saint-philippe,-21.3585,55.7679,28.77,72,24,3.04,RE,1682140706
397,salinas,36.6777,-121.6555,15.87,82,0,4.63,US,1682140585
398,ironwood,46.4547,-90.171,0.19,100,100,1.54,US,1682140706
399,ponta delgada,37.7333,-25.6667,16.4,94,75,7.2,PT,1682140706
400,kerouane,9.2667,-9.0167,22.7,65,72,1.39,GN,1682140707
401,morehead city,34.7229,-76.726,23.02,80,0,4.12,US,1682140707
402,sungailiat,-1.85,106.1333,30.54,66,61,4.19,ID,1682140707
403,pirallahi,40.4723,50.333,19.08,83,60,4.33,AZ,1682140707
404,bhadra,29.1167,75.1667,32.93,15,0,3.03,IN,1682140707
405,haimen,23.1935,116.6142,22.48,79,96,6.62,CN,1682140534
406,linden,6.0,-58.3,23.14,99,100,0.66,GY,1682140708
407,bengkulu,-3.8004,102.2655,29.62,68,40,3.02,ID,1682140644
408,aracuai,-16.8497,-42.0703,20.48,78,96,1.62,BR,1682140709
409,wamba,8.9333,8.6,24.38,75,95,0.43,NG,1682140709
410,margaret river,-33.95,115.0667,23.9,37,0,2.88,AU,1682140710
411,lae,-6.7221,146.9847,28.9,65,100,1.27,PG,1682140710
412,tralee,52.2704,-9.7026,4.9,94,56,2.19,IE,1682140710
413,dwarka,22.2394,68.9678,28.58,64,19,5.53,IN,1682140711
414,olinda,-8.0089,-34.8553,27.85,69,40,2.57,BR,1682140711
415,pacific pines,-27.9382,153.3093,25.64,55,76,3.58,AU,1682140711
416,zapala,-38.8992,-70.0544,9.26,76,34,0.44,AR,1682140469
417,kaohsiung,22.6163,120.3133,30.05,62,75,5.66,TW,1682140287
418,tangalle,6.024,80.7911,31.19,65,93,3.42,LK,1682140712
419,sechura,-5.5569,-80.8222,25.96,81,100,3.24,PE,1682140639
420,sezanne,48.7205,3.7234,8.29,93,100,2.82,FR,1682140712
421,tofol,5.3248,163.0078,29.88,74,75,4.12,FM,1682140712
422,long beach,33.767,-118.1892,24.99,48,0,1.54,US,1682140529
423,brownwood,31.7093,-98.9912,15.54,40,75,4.63,US,1682140713
424,portland,45.5234,-122.6762,12.32,79,75,0.89,US,1682140589
425,kuragino,53.8975,92.6725,5.63,44,30,2.37,RU,1682140713
426,sierra grande,-41.606,-65.3557,8.27,86,24,1.89,AR,1682140714
427,turpan,42.9333,89.1667,22.46,9,95,2.23,CN,1682140550
428,la passe,45.5549,-0.8967,13.34,88,100,3.91,FR,1682140714
429,salaqi,40.5414,110.5108,15.02,19,25,4.71,CN,1682140715
430,kawambwa,-9.7915,29.0791,17.04,96,100,1.94,ZM,1682140715
431,quellon,-43.1167,-73.6167,8.14,100,75,0.0,CL,1682140715
432,alice springs,-23.7,133.8833,25.75,27,0,6.17,AU,1682140671
433,fargo,46.8772,-96.7898,0.99,87,100,8.75,US,1682140615
434,xichang,27.8964,102.2634,28.36,22,10,3.4,CN,1682140534
435,arkhara,49.4212,130.0842,6.29,40,97,6.77,RU,1682140716
436,motueka,-41.1333,173.0167,18.94,88,38,1.53,NZ,1682140716
437,swakopmund,-22.6833,14.5333,13.88,88,100,1.34,NA,1682140716
438,tortoli,39.9256,9.6572,13.28,60,33,1.54,IT,1682140419
439,kuala belait,4.5833,114.1833,33.09,67,45,3.94,BN,1682140614
440,crucecita,-28.95,-58.9833,14.96,57,99,2.52,AR,1682140717
441,iquique,-20.2208,-70.1431,19.02,82,47,0.27,CL,1682140718
442,ciudad bolivar,8.1222,-63.5497,26.12,77,100,4.59,VE,1682140516
443,verdal,63.7933,11.4817,1.02,76,6,1.51,NO,1682140719
444,apucarana,-23.5508,-51.4608,14.07,91,0,3.87,BR,1682140719
445,kiunga,-6.1219,141.2906,30.32,66,96,0.47,PG,1682140719
446,kentau,43.5206,68.5094,16.55,17,69,5.58,KZ,1682140665
447,taltal,-25.4,-70.4833,17.37,84,88,1.83,CL,1682140720
448,veraval,20.9,70.3667,29.74,55,5,5.96,IN,1682140635
449,yeed,4.55,43.0333,25.14,81,100,2.73,SO,1682140721
450,ntungamo,-0.8833,29.65,19.76,77,100,1.2,UG,1682140721
451,ingeniero jacobacci,-41.3427,-69.5448,9.07,63,0,0.72,AR,1682140722
452,lorengau,-2.0226,147.2712,28.57,77,49,1.9,PG,1682140722
453,daloa,6.8774,-6.4502,22.26,96,65,1.53,CI,1682140722
454,nikol'sk,53.7189,46.0712,6.65,91,100,4.95,RU,1682140722
455,al matariyah,31.1829,32.0311,17.88,68,56,4.01,EG,1682140723
456,mazagao,-0.115,-51.2894,26.03,98,94,1.23,BR,1682140723
457,kragero,58.8693,9.4149,5.81,81,8,1.83,NO,1682140724
458,gamba,-2.65,10.0,24.76,90,97,1.2,GA,1682140724
459,monifieth,56.4832,-2.8272,7.04,57,0,3.09,GB,1682140724
460,novovorontsovka,47.5004,33.9175,7.41,87,100,4.02,UA,1682140724
461,tafuna,-14.3358,-170.72,25.97,100,100,6.17,AS,1682140725
462,sampit,-2.5333,112.95,34.88,50,81,0.37,ID,1682140725
463,puerto lempira,15.2667,-83.7667,23.38,87,69,2.67,HN,1682140725
464,wabag,-5.4781,143.7021,16.92,92,100,1.43,PG,1682140726
465,imst,47.2684,10.6698,-1.12,84,92,2.51,AT,1682140726
466,shizunai-furukawacho,42.3339,142.3669,7.48,61,72,9.08,JP,1682140727
467,altamont,42.2068,-121.7372,8.76,80,0,1.34,US,1682140727
468,manavalakurichi,8.1333,77.3,31.86,63,13,5.32,IN,1682140727
469,nogliki,51.8333,143.1667,1.07,94,100,8.8,RU,1682140727
470,shingu,33.7333,135.9833,20.95,37,25,3.19,JP,1682140596
471,happy valley-goose bay,53.3168,-60.3315,-1.83,93,20,1.54,CA,1682140728
472,aibak,36.2647,68.0155,19.23,23,0,1.3,AF,1682140728
473,ancud,-41.8697,-73.8203,9.72,86,2,1.2,CL,1682140728
474,victorica,-36.2151,-65.4359,14.41,60,1,3.58,AR,1682140728
475,tyukhtet,56.5389,89.3011,4.88,71,31,3.49,RU,1682140729
476,itoman,26.1247,127.6694,25.01,78,40,9.77,JP,1682140464
477,tongchuan,35.0806,109.0897,2.02,100,100,1.31,CN,1682140534
478,fukuecho,32.6881,128.8419,15.43,63,8,15.78,JP,1682140499
479,gereida,11.2811,25.1414,27.34,11,31,3.39,SD,1682140730
480,inarajan village,13.2736,144.7484,29.54,92,90,6.79,GU,1682140731
481,khandyga,62.6667,135.6,2.15,78,86,1.88,RU,1682140731
482,bosa,40.2993,8.4983,7.05,73,38,1.93,IT,1682140441
483,mawu,29.5923,107.3139,18.11,91,100,1.57,CN,1682140731
484,hami,42.8,93.45,18.33,8,100,4.29,CN,1682140732
485,ibb,13.9667,44.1833,20.26,52,78,1.93,YE,1682140672
486,alta,69.9689,23.2717,-3.41,83,40,2.57,NO,1682140194
487,dyurtyuli,55.4911,54.8688,8.87,80,100,3.49,RU,1682140734
488,murovani kurylivtsi,48.7235,27.5189,9.05,79,94,3.29,UA,1682140734
489,khodzha-maston,38.7446,68.627,15.68,40,0,2.63,TJ,1682140734
490,sale,34.0389,-6.8166,13.75,100,93,1.54,MA,1682140734
491,tres arroyos,-38.3739,-60.2798,13.09,78,100,2.79,AR,1682140734
492,opuwo,-18.0607,13.84,14.89,93,100,2.05,NA,1682140735
493,kpandu,6.9954,0.2931,25.28,88,100,3.42,GH,1682140735
494,sidi ifni,29.3797,-10.173,16.36,85,3,4.19,MA,1682140529
495,nuku'alofa,-21.1333,-175.2,26.19,69,40,2.57,TO,1682140735
496,tsumeb,-19.2333,17.7167,15.08,85,100,1.75,NA,1682140736
497,puerto aysen,-45.4,-72.7,6.74,97,30,1.71,CL,1682140736
498,kuching,1.55,110.3333,35.07,59,40,2.24,MY,1682140342
499,kirakira,-10.4544,161.9205,29.35,73,20,3.68,SB,1682140736
500,belyy yar,53.6039,91.3903,6.94,31,0,2.0,RU,1682140737
501,columbus,39.9612,-82.9988,12.9,96,100,3.09,US,1682140737
502,cole harbour,44.6724,-63.4751,1.77,89,95,5.14,CA,1682140737
503,vanimo,-2.6741,141.3028,28.57,75,94,1.92,PG,1682140737
504,midvagur,62.0511,-7.1939,4.46,75,20,5.14,FO,1682140738
505,la sarre,48.8002,-79.1996,1.3,100,100,1.46,CA,1682140739
506,magadan,59.5667,150.8,1.42,68,77,15.0,RU,1682140739
507,masterton,-40.9597,175.6575,17.71,99,100,1.75,NZ,1682140739
508,red wing,44.5625,-92.5338,1.21,87,100,2.06,US,1682140740
509,gaalkacyo,6.7697,47.4308,27.66,63,96,6.85,SO,1682140636
510,yuzhno-kurilsk,44.0306,145.8556,2.5,83,98,12.44,RU,1682140740
511,la cruz,23.9167,-106.9,22.05,67,100,1.62,MX,1682140630
512,casper,42.8666,-106.3131,-2.38,71,100,4.63,US,1682140741
513,mil'kovo,55.6078,37.7956,11.34,63,7,3.64,RU,1682140741
514,nar'yan-mar,67.6713,53.087,-5.3,86,53,1.92,RU,1682140742
515,ulsteinvik,62.3432,5.8487,6.61,88,1,0.89,NO,1682140742
516,constantia,44.1833,28.65,8.38,82,5,5.67,RO,1682140742
517,yangambi,0.8102,24.4336,21.16,100,100,1.62,CD,1682140743
518,mengyin,35.7069,117.9264,10.56,49,100,4.26,CN,1682140545
519,petropavlovka,50.6114,105.3196,3.42,34,100,1.16,RU,1682140743
520,zarate,-34.0981,-59.0286,13.84,82,100,0.89,AR,1682140744
521,ashland,40.8167,-82.2665,8.98,96,100,2.91,US,1682140744
522,celestun,20.8667,-90.4,26.31,80,18,6.43,MX,1682140745
523,tamanrasset,22.785,5.5228,14.95,11,8,3.09,DZ,1682140746
524,pont rouge,48.8833,-72.0825,3.16,88,100,3.95,CA,1682140746
525,kapit,2.0167,112.9333,35.62,46,92,0.84,MY,1682140746
526,barcelos,41.5388,-8.6151,11.62,93,39,1.63,PT,1682140747
527,mumbai,19.0144,72.8479,29.99,66,40,4.12,IN,1682139979
528,leh,34.1667,77.5833,-1.09,61,75,2.51,IN,1682140662
529,gadzhiyevo,69.2551,33.3362,-3.29,68,94,6.41,RU,1682140747
530,keflavik,64.0049,-22.5624,4.24,93,100,4.63,IS,1682140748
531,remire-montjoly,4.9167,-52.2667,24.02,100,100,0.0,GF,1682140748
532,shohimardon,39.9839,71.8028,14.43,29,8,1.85,UZ,1682140748
533,labuan bajo,-8.4964,119.8877,28.98,61,39,2.18,ID,1682140663
534,nabire,-3.3667,135.4833,29.44,73,93,1.81,ID,1682140749
535,muscat,23.6139,58.5922,33.01,49,42,0.93,OM,1682140749
536,lacombe,52.4668,-113.7353,-0.7,73,47,3.1,CA,1682140749
537,khamis mushait,18.3064,42.7292,19.34,52,0,4.63,SA,1682140750
538,aflou,34.1128,2.1023,10.93,61,39,1.98,DZ,1682140655
539,scottburgh,-30.2867,30.7532,17.1,64,99,2.11,ZA,1682140595
540,catumbela,-12.4314,13.5472,23.21,93,100,2.84,AO,1682140750
541,girvan,55.2426,-4.8555,6.0,72,100,7.14,GB,1682140751
542,jabor,5.921,169.6434,28.31,77,71,6.04,MH,1682140751
543,brokopondo,4.75,-55.1667,24.51,90,100,2.28,SR,1682140751
544,sungai penuh,-2.0833,101.3833,24.4,82,77,0.71,ID,1682140751
545,pagar alam,-4.0167,103.2667,25.6,89,99,1.29,ID,1682140631
546,pennagaram,12.1333,77.9,31.66,37,27,1.38,IN,1682140752
547,ocean city,39.2776,-74.5746,17.79,80,53,2.68,US,1682140752
548,zeya,53.75,127.2667,4.87,39,100,5.33,RU,1682140753
549,taksimo,56.3444,114.8794,0.49,25,17,0.8,RU,1682140753
550,la'ie,21.6477,-157.9253,26.98,84,39,1.79,US,1682140753
551,barra de santo antonio,-9.4047,-35.5072,24.6,83,63,3.32,BR,1682140754
552,hasaki,35.7333,140.8333,17.9,42,100,6.93,JP,1682140478
553,laguna,38.421,-121.4238,20.08,51,0,2.57,US,1682140754
554,sao jose da coroa grande,-8.8978,-35.1478,25.32,83,49,3.97,BR,1682140754
555,corner brook,48.9667,-57.9484,2.09,96,100,1.39,CA,1682140654
556,gamay,12.3854,125.2979,30.4,69,66,3.07,PH,1682140755
557,santa cruz,-17.8,-63.1667,17.46,92,8,1.61,BO,1682140755
558,new ross,52.3967,-6.9367,5.61,1,66,0.77,IE,1682140755
559,kurchatov,51.6601,35.6521,10.79,82,96,3.26,RU,1682140755
560,la tuque,47.4334,-72.7824,3.14,75,100,0.0,CA,1682140756
561,ongjin,37.9347,125.3619,15.88,24,100,0.66,KP,1682140756
562,port douglas,-16.4833,145.4667,26.53,77,76,8.83,AU,1682140756
563,sodra sandby,56.5667,16.6167,1.92,59,32,1.9,SE,1682140756
564,gargalianoi,37.0667,21.6333,14.09,65,38,1.5,GR,1682140757
565,tereze,43.9361,42.4434,8.4,61,66,1.01,RU,1682140757
566,bedford,52.1346,-0.4663,7.85,94,57,1.93,GB,1682140757
567,udomlya,57.8794,34.9925,6.52,84,93,0.22,RU,1682140661
568,arno,60.1167,18.6333,4.88,78,19,1.49,SE,1682140758
569,bamboo flat,11.7,92.7167,32.65,54,11,2.51,IN,1682140759
570,west bay,19.3667,-81.4167,26.11,84,4,1.52,KY,1682140759
571,guilin,25.2819,110.2864,21.06,62,74,3.88,CN,1682140661
572,berber,18.0216,33.983,29.51,21,0,3.53,SD,1682140759
573,leua,48.2156,18.6071,9.72,70,96,2.14,SK,1682140760
574,arboletes,8.8505,-76.4269,25.62,85,50,3.88,CO,1682140760
575,saint-pierre,-21.3393,55.4781,28.82,65,0,3.6,RE,1682140760
576,pyt-yakh,60.7499,72.8582,6.55,74,74,4.14,RU,1682140760
